{"cameraMode":{"drawMode":0,"name":"Shaded","section":"Shading Mode"},"sceneLighting":true,"audioPlay":false,"sceneViewState":{"showFog":false,"showMaterialUpdate":false,"showSkybox":false,"showFlares":false,"showImageEffects":false,"showParticleSystems":false,"showVisualEffectGraphs":false,"m_FxEnabled":true},"in2DMode":false,"pivot":{"x":0.06029987335205078,"y":-0.13444456458091737,"z":0.15067264437675477},"rotation":{"x":-0.0032387541141361,"y":-0.6942580342292786,"z":-0.0031242005061358215,"w":0.7197122573852539},"size":1.207395076751709,"orthographic":false}