{"cameraMode":{"drawMode":0,"name":"Shaded","section":"Shading Mode"},"sceneLighting":false,"audioPlay":false,"sceneViewState":{"showFog":true,"showMaterialUpdate":false,"showSkybox":false,"showFlares":true,"showImageEffects":true,"showParticleSystems":true},"in2DMode":false,"pivot":{"x":0.0070705413818359379,"y":2.7790191173553469,"z":-0.00759124755859375},"rotation":{"x":0.005279097706079483,"y":0.9624485969543457,"z":-0.2708297371864319,"w":0.01879299245774746},"size":21.22202491760254,"orthographic":false}