{"cameraMode":{"drawMode":0,"name":"Shaded","section":"Shading Mode"},"sceneLighting":true,"audioPlay":false,"sceneViewState":{"showFog":true,"showMaterialUpdate":false,"showSkybox":true,"showFlares":true,"showImageEffects":true,"showParticleSystems":true},"in2DMode":false,"pivot":{"x":1.7248679399490357,"y":0.47581592202186587,"z":33.46219253540039},"rotation":{"x":-0.009733235463500023,"y":0.8995983600616455,"z":-0.02006569318473339,"w":-0.4361976981163025},"size":1.3940114974975587,"orthographic":false}