{"cameraMode":{"drawMode":0,"name":"Shaded","section":"Shading Mode"},"sceneLighting":true,"audioPlay":false,"sceneViewState":{"showFog":true,"showMaterialUpdate":false,"showSkybox":true,"showFlares":true,"showImageEffects":true,"showParticleSystems":true},"in2DMode":false,"pivot":{"x":10.492714881896973,"y":5.461251735687256,"z":80.92594909667969},"rotation":{"x":-0.047939199954271319,"y":0.041939351707696918,"z":0.0020147680770605804,"w":0.9979684352874756},"size":21.641847610473634,"orthographic":false}